Job Title                          ,Company Name                        ,Date Posted
Labor Data Analyst                 ,Home Depot / THD                    ,"Posted
                                                                         Today"
Data Analyst                       ,Modvicare                           ,"Posted
                                                                         Today"
Data Analyst                       ,ACCEL Schools                       ,"Posted
                                                                         Today"
City Data Analyst                  ,"City of Burlington, Vermont"       ,"Posted
                                                                         Posted 5 days ago"
Data Analyst                       ,Vera Bradley                        ,"Posted
                                                                         Posted 8 days ago"
Data Analyst Virtual Interview Day ,NYU Langone                         ,"Posted
                                                                         Just posted"
Data Analyst                       ,LSEG (London Stock Exchange Group)  ,"Posted
                                                                         Today"
Data Analyst                       ,Evergy                              ,"Posted
                                                                         Posted 5 days ago"
Data Analyst                       ,City National Bank                  ,"Posted
                                                                         Posted 1 day ago"
Data Analyst II (Contingent)       ,Amazon                              ,"Posted
                                                                         Today"
Data Analyst I                     ,Massachusetts General Hospital(MGH) ,"Posted
                                                                         Today"
Data Science Analyst               ,Home Depot / THD                    ,"Posted
                                                                         Today"
Climate Data Analyst               ,Netflix                             ,"Posted
                                                                         Posted 9 days ago"
Data Analyst                       ,Gartner                             ,"Posted
                                                                         Today"
Data Analyst                       ,Movement Mortgage                   ,"Posted
                                                                         Posted 16 days ago"
